Data,Previsao_GWh,Limite_Inferior_95_GWh,Mediana_Simulada_GWh,Limite_Superior_95_GWh,Real_Mes_Ano_Anterior_GWh,Variacao_vs_Ano_Anterior_percentual,Amplitude_Intervalo_95_GWh
2026-07-01,14389.400906763192,13764.831515976284,14374.905602735369,15098.552756572159,13892.553311000001,3.5763591086585222,1333.7212405958744
2026-08-01,14640.298223260263,13903.65345196934,14614.70305254092,15514.910395757875,13983.463693000002,4.6972234110284505,1611.2569437885359
2026-09-01,15226.550406052615,14486.922019649312,15191.68463674407,16117.41880627994,14384.212921999999,5.8559859244317725,1630.4967866306288
2026-10-01,15863.624762132282,14938.990367436849,15847.281861197947,16888.251506222412,14995.537496,5.788970661197301,1949.2611387855632
2026-11-01,15931.400604415281,14981.640536700923,15884.067056816226,16942.03689597304,14982.777183,6.331425808638613,1960.3963592721175
2026-12-01,16547.97553931554,15559.361855240038,16545.523856624477,17616.394165411733,15917.267534999999,3.9624137932512404,2057.032310171695
2027-01-01,16976.298884387863,16007.33090487307,16920.282779421395,18095.217351367522,16989.711782000002,-0.07894717570400278,2087.8864464944527
2027-02-01,16507.985128060584,15652.899831384033,16445.17737999562,17769.402948617924,15796.489791,4.504135706566625,2116.5031172338913
2027-03-01,16922.685621662546,15925.730902379033,16888.565112968845,18102.487801919695,16069.91932,5.306599769926823,2176.756899540662
2027-04-01,16209.558742664009,15205.269545825748,16167.15773567343,17280.959063112557,16152.772498000002,0.3515572615848894,2075.68951728681
2027-05-01,15541.622214416133,14512.231291205255,15492.71517181692,16985.921277734273,15223.333617000002,2.0907943386374805,2473.689986529018
2027-06-01,14889.747107643978,13818.433593939651,14790.963425349286,16238.329476055962,14385.874247,3.502552934862857,2419.8958821163105
